question_id, question_title, question_description, question_tags, question_link, question_space, accepted_answers
118, The URL doesnt load if you create a question with a '/' inside the description, d, //////ssssss, demonstration, demonstration, 
115, The URL doesnt load if you create a question with a '/' inside the description, kkk fasd fasd fds fasd , gggg, demonstration, demonstration, 
114, The URL doesnt load if you create a question with a '/' inside the description, "fffddd



sdfadsf fsad f



fasdfadf", "dev,dev-javaandchardpandhavascript", demonstration, demonstration, 
113, first question from year, , adev1, Pre-emptive dedicated policy, Pre-emptive dedicated policy, 
112, The URL doesnt load if you create a question with a '/' inside the description, hhhiii, gggg, demonstration, demonstration, 
111, fsadf fas fsa dfsad , "tinymce.init({
  selector: 'textarea',
  height: 500,
  plugins: 'codesample code',
  codesample_dialog_width: '400',
  codesample_dialog_height: '400',
  codesample_languages: [
        {text: 'HTML/XML', value: 'markup'},
        {text: 'JavaScript', value: 'javascript'},
        {text: 'CSS', value: 'css'},
        {text: 'PHP', value: 'php'},
        {text: 'Ruby', value: 'ruby'},
        {text: 'Python', value: 'python'},
        {text: 'Java', value: 'java'},
        {text: 'C', value: 'c'},
        {text: 'C#', value: 'csharp'},
        {text: 'C++', value: 'cpp'}
    ],
  toolbar: 'codesample code',
  content_css: [
    '//fonts.googleapis.com/css?family=Lato:300,300i,400,400i',
    '//www.tiny.cloud/css/codepen.min.css']
});", dev, demonstration, demonstration, 
108, The URL doesnt load if you create a question with a '/' inside the description, ".c3-chart-arc text {
    fill: #fff;
    font-size: 13px; }", dev, demonstration, demonstration, 
103, The URL doesnt load if you create a question with a '/' inside the description, fasdf, dev, demonstration, demonstration, 
102, fsd as fsa sdfd ads sd sfd afa fasd , fasdf sad sfd sadf sdf asdf asdf sdf af asd s df, dev, Demonstration Space, Demonstration Space, 
101, dsadas fdsa fsd fasdf asdf asdf, sdasd, chào-bạn, Demonstration Space, Demonstration Space, 
100, fasd fas fsd fasdf sadf, fas dfsd fsad dfa, fdsaf, Demonstration Space, Demonstration Space, 
98, "This example displays all plugins included in the default TinyMCE package, and includes those delivered via TinyMCE Cloud premium subscriptions. Please note, it includes premium plugins.", "This example displays all plugins included in the default TinyMCE package, and includes those delivered via TinyMCE Cloud premium subscriptions. Please note, it includes premium plugins.", table, Demonstration Space, Demonstration Space, 
95, the  dsf asd fasd sadf asdf dfa sdf, "fsadfsddfa dfa

fsa", dev, Demonstration Space, Demonstration Space, 
94, The URL doesnt load if you create a question with a '/' inside the description, "fasfasd

fasfsad ", dev, demonstration, demonstration, 
93, edede ede dde, "Steps to recreate

Navigate to questions


Copy and paste content from somewhere


try to convert above text in to a heading OR

after above stepst
try something manually
try to convert above text in to a head", aaaa, Demonstration Space, Demonstration Space, 
92, Provides methods to return DataCache objects that are mapped to a named cache., "Questions & answers for team

fdfsasdfasd fasd fsadf sdafdsa fdsa f




fasd


Easy to find the information that you need by searching, filtering, and sorting by question title, content, tag, space ...

Ask question when you need, share your knowledge by answering questions, vote for best questions or answers, share questions/answers with friends

Questions & answers can be available for everyone or restricted to spaces, only users who can see spaces can see questions & answers in these spaces", dev, demonstration, demonstration, 
88, this is quesiton from iE, "fasd

fsdfsdfsdf", aspace2, Demonstration Space, Demonstration Space, 
87, first question from year, "fds
s
s
s
fsdfa
fasdf

fasdf



dsfas

d

fsdfasdf", dev, Demonstration Space, Demonstration Space, 
85, The URL doesnt load if you create a question with a '/' inside the description,  Adelbert Armstrong Adelbert Armstrong , dev-javaandchardpandhavascript, demonstration, demonstration, 
82, The URL doesnt load if you create a question with a '/' inside the description, ggg, dev-javaandchardpandhavascript, Demonstration Space, Demonstration Space, 
78, The URL doesnt load if you create a question with a '/' inside the description, wwww, dev, Adaptive analyzing concept, Adaptive analyzing concept, 
75, The URL doesnt load if you create a question with a '/' inside the description, fdfa efsdasdf fd, dev, Demonstration Space, Demonstration Space, 
74, The URL doesnt load if you create a question with a '/' inside the description, ss, dev, Demonstration Space, Demonstration Space, 
73, rerThe URL doesnt load if you create a question with a '/' inside the description, , "dev,a", , , 
72, The URL doesnt load if you create a question with a '/' inside the description, fasf, dev, , , 
71, first question from year, ddfdf fsd fasd, dev, , , 
70, The URL doesnt load if you create a question with a '/' inside the description, "fasdf



fs", a, demonstration, demonstration, 
69, The URL doesnt load if you create a question with a '/' inside the description, "<p><img src=""/confluence/download/attachments/3407899/imageid14249783_1359577074055829_5963951329302389856_o_jpg1527814421123_1527814426039.jpg?version=1&amp;modificationDate=1527814426076&amp;api=v2"" alt=""14249783_1359577074055829_5963951329302389856_o.jpg"" width=""135"" height=""203"" /></p>", //////ssssss, demonstration, demonstration, 
68, first question from year, "<p><img src=""/confluence/download/attachments/3407890/imageid14249783_1359577074055829_5963951329302389856_o_jpg1527811607411_1527811611460.jpg?version=1&amp;modificationDate=1527811611494&amp;api=v2"" alt=""14249783_1359577074055829_5963951329302389856_o.jpg"" width=""136"" height=""204"" /></p>", dev, demonstration, demonstration, 
66, A The URL doesnt load if you create a question with a '/' inside the description, aa , adev1, Demonstration Space, Demonstration Space, 
63, Please try one of the following suggestions:, Please try one of the following suggestions:, "please,try,one,of,the", Demonstration Space, Demonstration Space, 
61, minh tang question first question from yeareee, hh, dev, demonstration, demonstration, 
59, demo minh A first question from year, , dev, Demonstration Space, Demonstration Space, 
58, quac quac this , , dev, Demonstration Space, Demonstration Space, 
57, quac quac this , s, dev, , , 
56, demon 2 space first question from year, , haha, , , 
54, demon 1 space first question from year, , dev, demonstration, demonstration, 
53, demon space first question from year, , ade, Demonstration Space, Demonstration Space, 
52, The URL doesnt load if you create a question with a '/' inside the description, , "aspace2,aspace4,aspace5", , , 
51, A The URL doesnt load if you create a question with a '/' inside the description, ds, adev1, Demonstration Space, Demonstration Space, 
50, A first question from year, , aaaa, demonstration, demonstration, 
49, A first question from year, fasdf, atest1, demonstration, demonstration, 
48, The URL doesnt load if you create a question with a '/' inside the description, fsd, dev, Demonstration Space, Demonstration Space, 
47, DEee The URL doesnt load if you create a question with a '/' inside the description, ddddddddddd, ddd, Decentralized 4th generation emulation, Decentralized 4th generation emulation, 
43, wwww The URL doesnt load if you create a question with a '/' inside the description, D1 (1).bidb, de, Open-source grid-enabled leverage, Open-source grid-enabled leverage, 
42, The URL doesnt load if you create a question with a '/' inside the description, fsdf, dev, demonstration, demonstration, 
41, fasdf afsd sadf sdfa sd, fsadfsd dasdf, dev, demonstration, demonstration, 
40, first question from yearww, fsdf, "fsadf,fdsaf", , , 
39, elon mius la ai va tai sap, fsadf, //////ssssss, , , 
38, 1111first question from yearw w wew , fasdfsdew we , dev, demonstration, demonstration, 
37, The URL doesnt load if you create a question with a '/' inside the description, dfsd, dev, demonstration, demonstration, 
36, The URL doesnt load if you create a question with a '/' inside the description, sss, dev, demonstration, demonstration, 
35, The URL doesnt load if you create a question with a '/' inside the description, sss, dev, demonstration, demonstration, 
30, U The URL doesnt load if you create a question with a '/' inside the description, dddss, dev, demonstration, demonstration, 
29, what awjwj wjwjwj fasdf;kd;fka fkas;d ww, sssw ww, dev, demonstration, demonstration, 
28, de mos fsaj ;kf;a k;fkas;ldk f;askf;kds;, fsdf, dev, Demonstration Space, Demonstration Space, 
27, ssssssssssssssssssss, ss www ww, //////ssssss, , , 
26, what awjwj wjwjwj fasdf;kd;fka fkas;d, "fdfss




gg", "minh,dev,craete", , , 
25, what awjwj wjwjwj fasdf;kd;fka fkas;d , fas;ldkfq, "dev,dev-csharepand,chào-bạn,a", Demonstration Space, Demonstration Space, 
23, trời this is my space nè 1, swwwbbbb 111, dev, , , 
22, dddddddddddddddddddddd, , //////ssssss, , , 
20, fafsadfa sdfas dfasdf, wwww, dev, Demonstration Space, Demonstration Space, 
19, wwwwwwwwwwwwwwwwwwwwww, fsadfsdwwww, dev, Demonstration Space, Demonstration Space, 
18, first question from year, , dev, Demonstration Space, Demonstration Space, 
17, this is a question with attachment, , dev, , , 
16, this is a question with attachment, , dev, , , 
15, The URL doesnt load if you create a question with a '/' inside the description, , dev, , , 
14, The URL doesnt load if you create a question with a '/' inside the description, d, //////ssssss, Demonstration Space, Demonstration Space, 
13, anh có ngoảnh mặt để nhìn em them lan na, sss, //////ssssss, , , 
12, aawwwhhhhhhhhhhh, , dev, Demonstration Space, Demonstration Space, 
11, this is a question with attachment, , dev, , , 
10, dddddddddddddddddddddd, ss, //////ssssss, , , 
9, anh có ngoảnh mặt để nhìn em them lan na, , dev, , , 
8, this is my quesiton that use e , "ss 

 

sss", dev-javaandchardpandhavascript, Demonstration Space, Demonstration Space, 
7, The URL doesnt load if you create a question with a '/' inside the description, , ''''''''''''''''''''''''', Demonstration Space, Demonstration Space, 
6, The URL doesnt load if you create a question with a '/' inside the description, ss, //////ssssss, , , 
5, chào bạn của anh mark, fsd, chào-bạn, Demonstration Space, Demonstration Space, 
4, this is a question with attachment, fasd, dev-javaandchardpandhavascript, , , 
3, The URL doesnt load if you create a question with a '/' inside the description, ss, dev-javaandchardpandhavascript, Demonstration Space, Demonstration Space, 
2, helllllllllllllllllllllllll oo, qq, "dev-csharepand,dev-javaandchardpandhavascript", Demonstration Space, Demonstration Space, 
1, what is our new test ?, fsdfasd, dev, Demonstration Space, Demonstration Space, 
